{"metadata":{"bucket":"monitor"},"timestamp":1732784230074,"changes":[{"id":"c521b443-368f-2e18-a853-066abaa1e9e3","last_modified":1732624571832,"bucket":"blocklists","collection":"addons-bloomfilters","host":"firefox.settings.services.mozilla.com"},{"id":"0e543556-43bf-3139-1fda-2a0068116c6d","last_modified":1727384103227,"bucket":"blocklists","collection":"certificates","host":"firefox.settings.services.mozilla.com"},{"id":"19e79f22-62cf-92e1-c12c-a3b4b9cf51be","last_modified":1603126502200,"bucket":"blocklists","collection":"plugins","host":"firefox.settings.services.mozilla.com"},{"id":"b7f595f9-5fc5-d863-b5dd-e5425dcf427a","last_modified":1604940558744,"bucket":"blocklists","collection":"addons","host":"firefox.settings.services.mozilla.com"},{"id":"061d4584-acd0-fecc-b5fb-dcfe0ad5e123","last_modified":1624388514784,"bucket":"blocklists","collection":"qa","host":"firefox.settings.services.mozilla.com"},{"id":"3fadb169-e5de-a2f0-374e-6eeb3eac3dbb","last_modified":1731615130278,"bucket":"blocklists","collection":"gfx","host":"firefox.settings.services.mozilla.com"},{"id":"3ace9d8e-00b5-a353-7fd5-1f081ff482ba","last_modified":1603099530179,"bucket":"blocklists-preview","collection":"plugins","host":"firefox.settings.services.mozilla.com"},{"id":"c6671b58-a04c-2753-1904-decfb584f9ce","last_modified":1604936711141,"bucket":"blocklists-preview","collection":"addons","host":"firefox.settings.services.mozilla.com"},{"id":"e42f495f-e3fb-6d65-4edd-51dd0f3985f3","last_modified":1573556826481,"bucket":"blocklists-preview","collection":"qa","host":"firefox.settings.services.mozilla.com"},{"id":"be77064f-af40-d297-93f9-91e676ec04ea","last_modified":1731615082712,"bucket":"blocklists-preview","collection":"gfx","host":"firefox.settings.services.mozilla.com"},{"id":"683fdccf-2d79-2787-ad3c-c0b8e32d53ed","last_modified":1732776612532,"bucket":"main","collection":"crash-reports-ondemand","host":"firefox.settings.services.mozilla.com"},{"id":"380cd5a8-a585-42ef-3ee6-93bc618bcc36","last_modified":1732754378236,"bucket":"main","collection":"nimbus-preview","host":"firefox.settings.services.mozilla.com"},{"id":"e9f76a09-1c31-7dce-7c40-8abfbcfb244d","last_modified":1732752063960,"bucket":"main","collection":"normandy-recipes-capabilities","host":"firefox.settings.services.mozilla.com"},{"id":"501583ca-d580-51de-0584-dab08102506d","last_modified":1732743423121,"bucket":"main","collection":"nimbus-desktop-experiments","host":"firefox.settings.services.mozilla.com"},{"id":"5a30bf02-8b01-b6f6-fa9f-c34cdd3a1042","last_modified":1732735734457,"bucket":"main","collection":"nimbus-mobile-experiments","host":"firefox.settings.services.mozilla.com"},{"id":"8e0dffc7-d526-aa8d-759c-0882dfda733c","last_modified":1718898145959,"bucket":"main","collection":"message-groups","host":"firefox.settings.services.mozilla.com"},{"id":"da65fbf9-7ed0-d839-d23a-1dbf9ef6601f","last_modified":1719504277655,"bucket":"main","collection":"search-config-icons","host":"firefox.settings.services.mozilla.com"},{"id":"d5795030-b96f-0d09-e315-f8f02cfe2932","last_modified":1719847110309,"bucket":"main","collection":"backup-recovery-download-links","host":"firefox.settings.services.mozilla.com"},{"id":"2567487c-641d-8efe-bf09-4c9ceca0811d","last_modified":1719927826949,"bucket":"main","collection":"urlbar-persisted-search-terms","host":"firefox.settings.services.mozilla.com"},{"id":"2a96d2c2-ee2c-92d9-4415-3996dd1aef47","last_modified":1720004688246,"bucket":"main","collection":"url-classifier-skip-urls","host":"firefox.settings.services.mozilla.com"},{"id":"800de7cf-140e-6617-2685-c0490d8d29cb","last_modified":1720457798358,"bucket":"main","collection":"bounce-tracking-protection-exceptions","host":"firefox.settings.services.mozilla.com"},{"id":"cfe13ca2-8007-1935-aea8-b31c7bcefd8d","last_modified":1721063513248,"bucket":"main","collection":"search-default-override-allowlist","host":"firefox.settings.services.mozilla.com"},{"id":"3e829a4c-383d-93ea-bef4-49f2560e1d83","last_modified":1722426875987,"bucket":"main","collection":"backup-common-passwords-list","host":"firefox.settings.services.mozilla.com"},{"id":"0b696c37-e442-b92f-65ee-a0123223f224","last_modified":1724163826841,"bucket":"main","collection":"ms-images","host":"firefox.settings.services.mozilla.com"},{"id":"22625625-0f03-7107-1d3e-a8484d109ca7","last_modified":1724852270037,"bucket":"main","collection":"ml-onnx-runtime","host":"firefox.settings.services.mozilla.com"},{"id":"ecf46491-801a-ee6b-c771-432925b584da","last_modified":1725526980846,"bucket":"main","collection":"cookie-banner-rules-list","host":"firefox.settings.services.mozilla.com"},{"id":"31ea171e-5558-f27b-3633-67abd4363c52","last_modified":1725548360015,"bucket":"main","collection":"third-party-cookie-blocking-exempt-urls","host":"firefox.settings.services.mozilla.com"},{"id":"6eb5c7d5-d063-34f2-f7f6-0440d029672b","last_modified":1726182473065,"bucket":"main","collection":"content-relevance","host":"firefox.settings.services.mozilla.com"},{"id":"8b878038-f209-6179-d981-2ebf0a5c0214","last_modified":1726769128879,"bucket":"main","collection":"url-parser-default-unknown-schemes-interventions","host":"firefox.settings.services.mozilla.com"},{"id":"8da7db1e-dffb-18c9-2efe-0e9d7459a0f4","last_modified":1728173402797,"bucket":"main","collection":"normandy-recipes","host":"firefox.settings.services.mozilla.com"},{"id":"aebe2560-a214-46a3-e18f-82912d0a7707","last_modified":1729618200384,"bucket":"main","collection":"newtab-wallpapers-v2","host":"firefox.settings.services.mozilla.com"},{"id":"7a804898-26d6-ff1b-096a-df6246714e38","last_modified":1731362767688,"bucket":"main","collection":"websites-with-shared-credential-backends","host":"firefox.settings.services.mozilla.com"},{"id":"dd040ff6-583c-d16b-2816-5d8079aba996","last_modified":1731429440245,"bucket":"main","collection":"search-telemetry-v2","host":"firefox.settings.services.mozilla.com"},{"id":"2c2bcb35-b5f7-e015-b54f-3d60feccf26d","last_modified":1731438148174,"bucket":"main","collection":"password-rules","host":"firefox.settings.services.mozilla.com"},{"id":"a7fb0c00-2166-93ab-8261-d6110ffd1212","last_modified":1731445663451,"bucket":"main","collection":"nimbus-secure-experiments","host":"firefox.settings.services.mozilla.com"},{"id":"c9a369e7-cbe2-f617-0ebf-c5e892b829e4","last_modified":1732038464522,"bucket":"main","collection":"fakespot-suggest-products","host":"firefox.settings.services.mozilla.com"},{"id":"09b4c573-0b2a-e099-cc0c-32f84d78cd59","last_modified":1726599273951,"bucket":"main","collection":"search-categorization","host":"firefox.settings.services.mozilla.com"},{"id":"85fc8c6a-75fc-501e-9d4b-08306b7f81e6","last_modified":1727212608981,"bucket":"main","collection":"moz-essential-domain-fallbacks","host":"firefox.settings.services.mozilla.com"},{"id":"b39a6955-c9c9-8671-4823-7ea117a81e66","last_modified":1731960363975,"bucket":"main","collection":"fxrelay-allowlist","host":"firefox.settings.services.mozilla.com"},{"id":"714b69f3-69fb-0b5e-9c4a-e73c07aa2858","last_modified":1732526227194,"bucket":"main","collection":"tracking-protection-lists","host":"firefox.settings.services.mozilla.com"},{"id":"a3c0cb7d-dad1-a596-8cc4-8ceaec428e4b","last_modified":1732521556533,"bucket":"main","collection":"devtools-compatibility-browsers","host":"firefox.settings.services.mozilla.com"},{"id":"d7bee3b1-5225-494c-c375-72931c7407bf","last_modified":1730481338819,"bucket":"main","collection":"ms-language-packs","host":"firefox.settings.services.mozilla.com"},{"id":"0ad92238-e4ce-dd27-57f8-c97134add3c9","last_modified":1544035467383,"bucket":"main","collection":"sites-classification","host":"firefox.settings.services.mozilla.com"},{"id":"0164d8d8-c422-4215-1f5a-70f62b85bf44","last_modified":1562796064168,"bucket":"main","collection":"focus-experiments","host":"firefox.settings.services.mozilla.com"},{"id":"248f8630-6807-ab30-6370-14918dc824c2","last_modified":1564511755134,"bucket":"main","collection":"anti-tracking-url-decoration","host":"firefox.settings.services.mozilla.com"},{"id":"e02dce4c-7a13-3dda-6e62-d6d9084e82f5","last_modified":1569443132800,"bucket":"main","collection":"cfr-srg","host":"firefox.settings.services.mozilla.com"},{"id":"5f39c5e3-7a2a-3868-c29d-e7f11d76d66b","last_modified":1575468539758,"bucket":"main","collection":"public-suffix-list","host":"firefox.settings.services.mozilla.com"},{"id":"0d61e3ec-c708-b839-512a-e09c3f5f1880","last_modified":1581703205374,"bucket":"main","collection":"personality-provider-models","host":"firefox.settings.services.mozilla.com"},{"id":"5b1ab327-5196-0f05-629f-fdd288138d69","last_modified":1593104364892,"bucket":"main","collection":"windows-default-browser-agent","host":"firefox.settings.services.mozilla.com"},{"id":"e535535a-be20-8cb5-d162-ba72b1d81f3f","last_modified":1595950625167,"bucket":"main","collection":"pioneer-study-addons","host":"firefox.settings.services.mozilla.com"},{"id":"3f7e9dcc-c522-ea35-c98b-9334230153aa","last_modified":1600363002708,"bucket":"main","collection":"regions","host":"firefox.settings.services.mozilla.com"},{"id":"2ca9d0dc-f44b-9e48-5f37-37a90600b10f","last_modified":1602876354998,"bucket":"main","collection":"mobile-experiments","host":"firefox.settings.services.mozilla.com"},{"id":"958b14fa-88b0-ec42-8e68-464502a21eb1","last_modified":1603308987530,"bucket":"main","collection":"personality-provider-recipe","host":"firefox.settings.services.mozilla.com"},{"id":"10583668-d3dc-6025-0200-dbcec975ac47","last_modified":1604450883297,"bucket":"main","collection":"pioneer-content-v1","host":"firefox.settings.services.mozilla.com"},{"id":"8451eb15-8141-758c-6dd1-6d9f04146fa9","last_modified":1605801189258,"bucket":"main","collection":"hijack-blocklists","host":"firefox.settings.services.mozilla.com"},{"id":"6fcd379b-83fc-111c-e7f5-c9fa9d7caf25","last_modified":1607042143590,"bucket":"main","collection":"pioneer-study-addons-v1","host":"firefox.settings.services.mozilla.com"},{"id":"a998e5e0-c645-25e4-8306-d22953baacb4","last_modified":1607983636189,"bucket":"main","collection":"pioneer-content-v2","host":"firefox.settings.services.mozilla.com"},{"id":"2652b5c8-7854-2c47-d567-19bbcaae38e5","last_modified":1607983639228,"bucket":"main","collection":"pioneer-study-addons-v2","host":"firefox.settings.services.mozilla.com"},{"id":"1611c176-3998-f3df-07b7-c1858138d48b","last_modified":1617030573137,"bucket":"main","collection":"whats-new-panel","host":"firefox.settings.services.mozilla.com"},{"id":"e4764d29-ebad-2f17-3945-cdff8214f400","last_modified":1627481728329,"bucket":"main","collection":"tippytop","host":"firefox.settings.services.mozilla.com"},{"id":"6f8a35aa-c73e-2e16-bff9-956ee6f17a46","last_modified":1635892651252,"bucket":"main","collection":"nimbus-desktop-defaults","host":"firefox.settings.services.mozilla.com"},{"id":"45a93597-80e3-cc6c-f29c-1ad6e0dd4455","last_modified":1641843848274,"bucket":"main","collection":"rally-studies-v1","host":"firefox.settings.services.mozilla.com"},{"id":"6caeca19-d819-2f9c-cfe3-8b0c1de9b52b","last_modified":1644517845433,"bucket":"main","collection":"search-telemetry","host":"firefox.settings.services.mozilla.com"},{"id":"a252dd48-1252-7149-1c3f-1e82697843af","last_modified":1647549722107,"bucket":"main","collection":"doh-providers","host":"firefox.settings.services.mozilla.com"},{"id":"42830d75-4c14-f884-1ceb-05febc3902b9","last_modified":1651753780606,"bucket":"main","collection":"doh-config","host":"firefox.settings.services.mozilla.com"},{"id":"568454e9-c59e-4b6f-0c12-3dcd53a12296","last_modified":1653469171354,"bucket":"main","collection":"devtools-devices","host":"firefox.settings.services.mozilla.com"},{"id":"eb808f2d-5de3-89d6-4252-03823ccaded5","last_modified":1672463216411,"bucket":"main","collection":"rally-studies-v2","host":"firefox.settings.services.mozilla.com"},{"id":"8c581745-110d-0d30-f0f2-fe999bc1fde7","last_modified":1673270322227,"bucket":"main","collection":"language-dictionaries","host":"firefox.settings.services.mozilla.com"},{"id":"71e468d0-8006-a831-873e-64d518cd8515","last_modified":1674595048726,"bucket":"main","collection":"password-recipes","host":"firefox.settings.services.mozilla.com"},{"id":"4bf857cb-8e73-0d27-ddcf-08f2bb797163","last_modified":1681500405555,"bucket":"main","collection":"translations-identification-models","host":"firefox.settings.services.mozilla.com"},{"id":"8ee6692e-d686-a614-6e4f-23d71b55b7f3","last_modified":1683667257606,"bucket":"main","collection":"fxmonitor-breaches","host":"firefox.settings.services.mozilla.com"},{"id":"e80aaa02-f8ae-a788-8426-059a8c4fcd2e","last_modified":1688747728721,"bucket":"main","collection":"addons-manager-settings","host":"firefox.settings.services.mozilla.com"},{"id":"651e8969-24fa-eb4a-aa3d-d64b894cbe9a","last_modified":1694689843914,"bucket":"main","collection":"query-stripping","host":"firefox.settings.services.mozilla.com"},{"id":"889a101d-bade-d030-e233-a18beceba9cf","last_modified":1702403047185,"bucket":"main","collection":"partitioning-exempt-urls","host":"firefox.settings.services.mozilla.com"},{"id":"28f0e7fd-7af7-617f-eba3-ba80e5f7148f","last_modified":1705701099603,"bucket":"main","collection":"translations-wasm","host":"firefox.settings.services.mozilla.com"},{"id":"49db3966-ee3d-979b-5014-4011f6d5e79b","last_modified":1709217485713,"bucket":"main","collection":"search-config-overrides","host":"firefox.settings.services.mozilla.com"},{"id":"92c52502-9661-6d8b-9389-f2732f6f5caf","last_modified":1710333238310,"bucket":"main","collection":"search-config-overrides-v2","host":"firefox.settings.services.mozilla.com"},{"id":"aea574eb-2997-6453-0c09-1851fc1b2561","last_modified":1710766850143,"bucket":"main","collection":"search-config","host":"firefox.settings.services.mozilla.com"},{"id":"b482b902-198d-8d2f-16b0-3510f086dceb","last_modified":1711033331878,"bucket":"main","collection":"devtools-news","host":"firefox.settings.services.mozilla.com"},{"id":"03247ba1-6c92-841f-f282-1ee436cc8a1d","last_modified":1715008862535,"bucket":"main","collection":"fingerprinting-protection-overrides","host":"firefox.settings.services.mozilla.com"},{"id":"572c01f9-9f5b-5de0-717b-b4e9a21c9cf0","last_modified":1716487426093,"bucket":"main","collection":"newtab-wallpapers","host":"firefox.settings.services.mozilla.com"},{"id":"301b5e58-eec9-4f1e-2f97-09abedfef627","last_modified":1723136665642,"bucket":"main","collection":"top-sites","host":"firefox.settings.services.mozilla.com"},{"id":"772d1b8b-89e9-bfd6-32ba-a0fc9713179f","last_modified":1724436366651,"bucket":"main","collection":"nimbus-web-preview","host":"firefox.settings.services.mozilla.com"},{"id":"9cee02bd-bc7a-cacc-333f-61dbc4575260","last_modified":1728419357989,"bucket":"main","collection":"translations-models","host":"firefox.settings.services.mozilla.com"},{"id":"b39de954-4216-fecc-150f-7a08e837b373","last_modified":1729004089310,"bucket":"main","collection":"search-config-v2","host":"firefox.settings.services.mozilla.com"},{"id":"b1da8a52-9524-3fff-1a51-6f05fe13ca77","last_modified":1730278443662,"bucket":"main","collection":"remote-permissions","host":"firefox.settings.services.mozilla.com"},{"id":"3ddbe540-6900-30ef-7853-199a3b4bc6df","last_modified":1731708040873,"bucket":"main","collection":"quicksuggest","host":"firefox.settings.services.mozilla.com"},{"id":"274942c0-0ac3-cabd-0eca-3889bdfa926b","last_modified":1732309982249,"bucket":"main","collection":"cfr","host":"firefox.settings.services.mozilla.com"},{"id":"c067f022-492c-fb50-3c8a-5800b383fb5d","last_modified":1732294207602,"bucket":"main","collection":"ml-inference-options","host":"firefox.settings.services.mozilla.com"},{"id":"447cbbca-247c-25ea-e1eb-68e922864d1e","last_modified":1730911887646,"bucket":"main","collection":"nimbus-web-experiments","host":"firefox.settings.services.mozilla.com"},{"id":"396b50ef-ee78-d4ff-e110-468732ed1c24","last_modified":1731508034290,"bucket":"main","collection":"ml-model-allow-deny-list","host":"firefox.settings.services.mozilla.com"},{"id":"7d94b957-1705-d6fe-d4a0-6436123cb6cf","last_modified":1732776611330,"bucket":"main-preview","collection":"crash-reports-ondemand","host":"firefox.settings.services.mozilla.com"},{"id":"45bf3f78-8f3f-28f6-5a1d-8a2bb6d3a2b2","last_modified":1732756430464,"bucket":"main-preview","collection":"tracking-protection-lists","host":"firefox.settings.services.mozilla.com"},{"id":"a60ac63f-506b-5d85-78a6-443c7e69d09b","last_modified":1732754377962,"bucket":"main-preview","collection":"nimbus-preview","host":"firefox.settings.services.mozilla.com"},{"id":"a0e7d312-12ed-a188-65c4-5e178ca5f261","last_modified":1732743276467,"bucket":"main-preview","collection":"nimbus-desktop-experiments","host":"firefox.settings.services.mozilla.com"},{"id":"19f7ec86-7cc3-46d8-21d0-f1aeb80ba2ea","last_modified":1732735721649,"bucket":"main-preview","collection":"nimbus-mobile-experiments","host":"firefox.settings.services.mozilla.com"},{"id":"1fdae7b7-324d-113c-c10c-c4a4a30aba63","last_modified":1732665908432,"bucket":"main-preview","collection":"devtools-compatibility-browsers","host":"firefox.settings.services.mozilla.com"},{"id":"9a2e66c0-f96b-fa05-92da-8d62775e102b","last_modified":1718434781891,"bucket":"main-preview","collection":"message-groups","host":"firefox.settings.services.mozilla.com"},{"id":"cea550ab-c8d5-f309-d445-969a81ee51cd","last_modified":1719499750277,"bucket":"main-preview","collection":"search-config-icons","host":"firefox.settings.services.mozilla.com"},{"id":"eec76038-1880-058e-672b-dea34e735acc","last_modified":1719847110215,"bucket":"main-preview","collection":"backup-recovery-download-links","host":"firefox.settings.services.mozilla.com"},{"id":"ef5ddee3-314b-197c-35a1-2943fe96c573","last_modified":1719588521214,"bucket":"main-preview","collection":"urlbar-persisted-search-terms","host":"firefox.settings.services.mozilla.com"},{"id":"4bbeba46-f780-10cb-16ea-2bc48ec77807","last_modified":1717072578555,"bucket":"main-preview","collection":"url-classifier-skip-urls","host":"firefox.settings.services.mozilla.com"},{"id":"ee5f80a9-784c-add7-857f-016be20523a3","last_modified":1720457798276,"bucket":"main-preview","collection":"bounce-tracking-protection-exceptions","host":"firefox.settings.services.mozilla.com"},{"id":"b271319d-3db1-b78c-b058-7a3e7704c80f","last_modified":1721062345952,"bucket":"main-preview","collection":"search-default-override-allowlist","host":"firefox.settings.services.mozilla.com"},{"id":"241130b1-a088-265c-39e2-ad1e1adaf115","last_modified":1722426875836,"bucket":"main-preview","collection":"backup-common-passwords-list","host":"firefox.settings.services.mozilla.com"},{"id":"5141c7f4-3a3e-d7bd-7cfb-cca1f1796418","last_modified":1724878927202,"bucket":"main-preview","collection":"ms-images","host":"firefox.settings.services.mozilla.com"},{"id":"d2dbd449-2ec9-60e2-b7c8-a384ea7d0878","last_modified":1724852182400,"bucket":"main-preview","collection":"ml-onnx-runtime","host":"firefox.settings.services.mozilla.com"},{"id":"fb10b66d-50d9-8e4a-5874-52d7a0a6af01","last_modified":1725494410559,"bucket":"main-preview","collection":"cookie-banner-rules-list","host":"firefox.settings.services.mozilla.com"},{"id":"06026d31-633c-e362-24b4-36b0dd091cd1","last_modified":1725548359879,"bucket":"main-preview","collection":"third-party-cookie-blocking-exempt-urls","host":"firefox.settings.services.mozilla.com"},{"id":"2e2ce4af-06be-5dfe-97aa-4f511a5cf606","last_modified":1726180363239,"bucket":"main-preview","collection":"content-relevance","host":"firefox.settings.services.mozilla.com"},{"id":"9d4824c1-5be6-ce43-9ca9-468dd370b054","last_modified":1726749149123,"bucket":"main-preview","collection":"url-parser-default-unknown-schemes-interventions","host":"firefox.settings.services.mozilla.com"},{"id":"b5dcf818-f36f-19ad-380a-a6dbeebd08a0","last_modified":1729617931385,"bucket":"main-preview","collection":"newtab-wallpapers-v2","host":"firefox.settings.services.mozilla.com"},{"id":"fa35c1eb-3355-f100-ab9a-e4d909948e37","last_modified":1731690004455,"bucket":"main-preview","collection":"websites-with-shared-credential-backends","host":"firefox.settings.services.mozilla.com"},{"id":"68692045-6d1b-1419-071f-eed1d9f5c262","last_modified":1730995009416,"bucket":"main-preview","collection":"search-telemetry-v2","host":"firefox.settings.services.mozilla.com"},{"id":"cde3c31e-c1b8-b24e-a494-454fdb830abf","last_modified":1729598373710,"bucket":"main-preview","collection":"password-rules","host":"firefox.settings.services.mozilla.com"},{"id":"4ebcda67-0fb6-46f6-2f1a-6d246923bb48","last_modified":1731445646566,"bucket":"main-preview","collection":"nimbus-secure-experiments","host":"firefox.settings.services.mozilla.com"},{"id":"34d68bb2-6416-0978-cc5b-de1fc1af8382","last_modified":1731448629164,"bucket":"main-preview","collection":"fakespot-suggest-products","host":"firefox.settings.services.mozilla.com"},{"id":"071bcd17-1c4d-5cdd-7ff0-b17bef25fb92","last_modified":1732580175199,"bucket":"main-preview","collection":"ml-inference-options","host":"firefox.settings.services.mozilla.com"},{"id":"818868b5-18ae-a588-e1d6-8d067a64e5c0","last_modified":1726580945389,"bucket":"main-preview","collection":"search-categorization","host":"firefox.settings.services.mozilla.com"},{"id":"d4f2309b-56a0-a4c2-78cd-f216b1209a81","last_modified":1727212608847,"bucket":"main-preview","collection":"moz-essential-domain-fallbacks","host":"firefox.settings.services.mozilla.com"},{"id":"7b97eca9-f25a-76ee-5c38-61e06e831ac2","last_modified":1731960068870,"bucket":"main-preview","collection":"fxrelay-allowlist","host":"firefox.settings.services.mozilla.com"},{"id":"6133f0b4-fe59-a2ad-6839-b159c6dabc9c","last_modified":1730471230239,"bucket":"main-preview","collection":"ms-language-packs","host":"firefox.settings.services.mozilla.com"},{"id":"2c434b22-08f9-ed9a-914c-ef5c30ebcb82","last_modified":1544035467383,"bucket":"main-preview","collection":"sites-classification","host":"firefox.settings.services.mozilla.com"},{"id":"e1afa4ff-ea74-d142-eff6-4c5c3d27ce8c","last_modified":1562796064168,"bucket":"main-preview","collection":"focus-experiments","host":"firefox.settings.services.mozilla.com"},{"id":"4ceae968-33e3-b09e-fce7-87edfd15923a","last_modified":1564511755134,"bucket":"main-preview","collection":"anti-tracking-url-decoration","host":"firefox.settings.services.mozilla.com"},{"id":"ad9b4281-cfdf-902c-de11-366a78030ed5","last_modified":1569443132231,"bucket":"main-preview","collection":"cfr-srg","host":"firefox.settings.services.mozilla.com"},{"id":"2e5fede5-45b1-2e91-626c-371c244ad1b2","last_modified":1646406194397,"bucket":"main-preview","collection":"public-suffix-list","host":"firefox.settings.services.mozilla.com"},{"id":"58667b5b-2afa-c9ea-a95d-d6081529dbee","last_modified":1581701665749,"bucket":"main-preview","collection":"personality-provider-models","host":"firefox.settings.services.mozilla.com"},{"id":"3f3cc33f-0a47-9621-ca08-6f1d0d55bb7c","last_modified":1593104012343,"bucket":"main-preview","collection":"windows-default-browser-agent","host":"firefox.settings.services.mozilla.com"},{"id":"9dbb7b11-e456-bb51-2f14-f3a17ef76326","last_modified":1595950571495,"bucket":"main-preview","collection":"pioneer-study-addons","host":"firefox.settings.services.mozilla.com"},{"id":"91607703-59bd-95a1-7734-a987332bc619","last_modified":1591566906097,"bucket":"main-preview","collection":"regions","host":"firefox.settings.services.mozilla.com"},{"id":"23ee4721-520a-33d1-2063-51f8ff4fed96","last_modified":1602780283316,"bucket":"main-preview","collection":"mobile-experiments","host":"firefox.settings.services.mozilla.com"},{"id":"3f33d824-d485-658d-ab8e-f498e6f83c8a","last_modified":1603308808124,"bucket":"main-preview","collection":"personality-provider-recipe","host":"firefox.settings.services.mozilla.com"},{"id":"415edb28-1f34-f530-ecf7-1e243652be16","last_modified":1604442382323,"bucket":"main-preview","collection":"pioneer-content-v1","host":"firefox.settings.services.mozilla.com"},{"id":"cdf5b0ef-a720-05b9-cc9f-ca272d916d46","last_modified":1605800480144,"bucket":"main-preview","collection":"hijack-blocklists","host":"firefox.settings.services.mozilla.com"},{"id":"4367935e-3364-caff-464b-db690e567471","last_modified":1607041879513,"bucket":"main-preview","collection":"pioneer-study-addons-v1","host":"firefox.settings.services.mozilla.com"},{"id":"093951eb-e25b-150b-d55f-a8da62e1e995","last_modified":1607981769164,"bucket":"main-preview","collection":"pioneer-content-v2","host":"firefox.settings.services.mozilla.com"},{"id":"45a0f571-e2c2-dddb-8f21-3d4cd7d909f7","last_modified":1607981725045,"bucket":"main-preview","collection":"pioneer-study-addons-v2","host":"firefox.settings.services.mozilla.com"},{"id":"b4759cb6-c501-cea0-ba70-8ab04c89b171","last_modified":1617029179150,"bucket":"main-preview","collection":"whats-new-panel","host":"firefox.settings.services.mozilla.com"},{"id":"101f5b7a-c0d0-247e-2c0d-0cc89d5ff7c2","last_modified":1627480834563,"bucket":"main-preview","collection":"tippytop","host":"firefox.settings.services.mozilla.com"},{"id":"eaf8523e-8945-a9c0-82dc-313a7cefead3","last_modified":1635891524078,"bucket":"main-preview","collection":"nimbus-desktop-defaults","host":"firefox.settings.services.mozilla.com"},{"id":"ead8cf13-b099-9545-b44c-e03c4270bafd","last_modified":1641843577359,"bucket":"main-preview","collection":"rally-studies-v1","host":"firefox.settings.services.mozilla.com"},{"id":"30f49866-e6b6-6377-1714-d967d46c2cc9","last_modified":1644491477799,"bucket":"main-preview","collection":"search-telemetry","host":"firefox.settings.services.mozilla.com"},{"id":"bcde7ed4-4637-5b47-922e-c8df09ece804","last_modified":1647548788458,"bucket":"main-preview","collection":"doh-providers","host":"firefox.settings.services.mozilla.com"},{"id":"03502cb8-a932-eb71-c910-0a9adb597757","last_modified":1651738492284,"bucket":"main-preview","collection":"doh-config","host":"firefox.settings.services.mozilla.com"},{"id":"bbc8352c-1fd5-7a96-a4d5-332b56d90c3c","last_modified":1653402346692,"bucket":"main-preview","collection":"devtools-devices","host":"firefox.settings.services.mozilla.com"},{"id":"d794c574-a4c6-b888-d8d7-96024e07d4b1","last_modified":1672349611696,"bucket":"main-preview","collection":"rally-studies-v2","host":"firefox.settings.services.mozilla.com"},{"id":"9f66a403-06b9-1f49-179b-8bde4f9e1d3a","last_modified":1672846460810,"bucket":"main-preview","collection":"language-dictionaries","host":"firefox.settings.services.mozilla.com"},{"id":"ab724da6-2405-a097-9ca2-e638a61eaca4","last_modified":1673279640190,"bucket":"main-preview","collection":"password-recipes","host":"firefox.settings.services.mozilla.com"},{"id":"3f7fc0d0-04af-6c69-dd93-2a29d4243407","last_modified":1681344840786,"bucket":"main-preview","collection":"translations-identification-models","host":"firefox.settings.services.mozilla.com"},{"id":"c2349d3f-a0f0-2550-1e35-ee993f8a1c8d","last_modified":1682640078021,"bucket":"main-preview","collection":"fxmonitor-breaches","host":"firefox.settings.services.mozilla.com"},{"id":"bad6f034-2d51-c5b3-6cc1-a2ff19440327","last_modified":1688675787185,"bucket":"main-preview","collection":"addons-manager-settings","host":"firefox.settings.services.mozilla.com"},{"id":"00b04ed4-cacb-1281-1c64-813c2d1e5714","last_modified":1694689766005,"bucket":"main-preview","collection":"query-stripping","host":"firefox.settings.services.mozilla.com"},{"id":"d02d3098-a22d-738c-9de1-1a3688e8cda8","last_modified":1702402201064,"bucket":"main-preview","collection":"partitioning-exempt-urls","host":"firefox.settings.services.mozilla.com"},{"id":"347711a1-df95-2461-f315-f36e4c457397","last_modified":1705698918193,"bucket":"main-preview","collection":"translations-wasm","host":"firefox.settings.services.mozilla.com"},{"id":"accb70b3-679a-9d45-ed6f-0f5a845bf850","last_modified":1709157022845,"bucket":"main-preview","collection":"search-config-overrides","host":"firefox.settings.services.mozilla.com"},{"id":"3a960198-3d00-820d-449f-09aff056c65b","last_modified":1710170849382,"bucket":"main-preview","collection":"search-config-overrides-v2","host":"firefox.settings.services.mozilla.com"},{"id":"d6bac357-17c7-e551-94e7-9fb97f908dec","last_modified":1710757058760,"bucket":"main-preview","collection":"search-config","host":"firefox.settings.services.mozilla.com"},{"id":"530bef41-bbef-f783-33e5-b7deb2568002","last_modified":1711033331748,"bucket":"main-preview","collection":"devtools-news","host":"firefox.settings.services.mozilla.com"},{"id":"c90c4f3d-7e2b-b146-ded8-84385fb2e646","last_modified":1714419364737,"bucket":"main-preview","collection":"fingerprinting-protection-overrides","host":"firefox.settings.services.mozilla.com"},{"id":"031decaa-47bd-3d48-b752-1978196eb048","last_modified":1718722597937,"bucket":"main-preview","collection":"newtab-wallpapers","host":"firefox.settings.services.mozilla.com"},{"id":"d5acf05e-c2b7-782b-c5f7-52fd75b10abd","last_modified":1723130676108,"bucket":"main-preview","collection":"top-sites","host":"firefox.settings.services.mozilla.com"},{"id":"cba62179-d21e-aef6-f1ba-0745a83be31a","last_modified":1724436366519,"bucket":"main-preview","collection":"nimbus-web-preview","host":"firefox.settings.services.mozilla.com"},{"id":"d7c0fedd-8531-a315-dc68-23c7abac7088","last_modified":1729098647204,"bucket":"main-preview","collection":"translations-models","host":"firefox.settings.services.mozilla.com"},{"id":"108456a5-3894-c2e1-f74c-24d098107d80","last_modified":1729002752246,"bucket":"main-preview","collection":"search-config-v2","host":"firefox.settings.services.mozilla.com"},{"id":"177ad77b-fda0-02ea-1a7d-7dab72571f01","last_modified":1730278443534,"bucket":"main-preview","collection":"remote-permissions","host":"firefox.settings.services.mozilla.com"},{"id":"8195b5b2-fd71-f382-9458-5028ef84e90d","last_modified":1731705700042,"bucket":"main-preview","collection":"quicksuggest","host":"firefox.settings.services.mozilla.com"},{"id":"461e4691-5c0d-5dad-321d-cd9d61a5c640","last_modified":1732308706086,"bucket":"main-preview","collection":"cfr","host":"firefox.settings.services.mozilla.com"},{"id":"dfb5c030-b786-15e2-0622-ee8c4856abdb","last_modified":1730911880992,"bucket":"main-preview","collection":"nimbus-web-experiments","host":"firefox.settings.services.mozilla.com"},{"id":"4d843a44-b691-2bab-b53e-4d52613c6de0","last_modified":1731501703674,"bucket":"main-preview","collection":"ml-model-allow-deny-list","host":"firefox.settings.services.mozilla.com"},{"id":"eae22ba6-631d-fcab-fa53-8a7c5adb39a9","last_modified":1732784230074,"bucket":"security-state","collection":"cert-revocations","host":"firefox.settings.services.mozilla.com"},{"id":"4dd906e9-fe4e-fd64-8138-a2c7260b2199","last_modified":1727383809894,"bucket":"security-state","collection":"onecrl","host":"firefox.settings.services.mozilla.com"},{"id":"e0739440-0519-39e8-a5d5-dfef0832cdf9","last_modified":1725293395611,"bucket":"security-state","collection":"ct-logs","host":"firefox.settings.services.mozilla.com"},{"id":"9a0cf117-f8e7-4420-cc60-9fac2c2f6ffa","last_modified":1732179422564,"bucket":"security-state","collection":"intermediates","host":"firefox.settings.services.mozilla.com"},{"id":"adc73734-8581-67a0-0516-1d0e427a8cbd","last_modified":1732783631571,"bucket":"security-state-preview","collection":"cert-revocations","host":"firefox.settings.services.mozilla.com"},{"id":"58d1976f-6e75-7728-79da-f4860ed35de5","last_modified":1727370064286,"bucket":"security-state-preview","collection":"onecrl","host":"firefox.settings.services.mozilla.com"},{"id":"f934c73b-822b-89cd-0df5-3eab4878e47e","last_modified":1725036903715,"bucket":"security-state-preview","collection":"ct-logs","host":"firefox.settings.services.mozilla.com"},{"id":"7b3f0682-64fd-7b37-3126-3934ea377bcb","last_modified":1732176205203,"bucket":"security-state-preview","collection":"intermediates","host":"firefox.settings.services.mozilla.com"}]}