{"metadata":{"flags":["startup"],"signature":{"ref":"8hypejcgqbj31j54tnckwjb10","x5u":"https://content-signature-2.cdn.mozilla.net/chains/remote-settings.content-signature.mozilla.org-2024-12-27-18-19-47.chain","mode":"p384ecdsa","type":"contentsignaturepki","signature":"VM_VnLGaibj35EYHg7K0wHgS8j1PxWOsfrb4QzNFkPddEWJdbuycvCoRsCPpmZ8n9Ua2KHVYU8ygzwxFILFQNiXCbneIpVSUJzpy-ymytopkpWfaLX0ewYzvsr9g85yc","signer_id":"remote-settings","public_key":"MHYwEAYHKoZIzj0CAQYFK4EEACIDYgAEb2hwvxwKG5hsSt2YoYKIPUmTqFJopdRqTEVx0NHK7or7Ybxw6AZBFN3AfptD2HSEK1sjk/4r4PdZW2PV4kv6RAwWseoH7K681AMfTWHbB7F9s1bswYhMHi3PhUyRuyZK"},"displayFields":["id","recipe.name"],"id":"normandy-recipes-capabilities","last_modified":1732752064118,"bucket":"main"},"timestamp":1732752063960,"changes":[{"recipe":{"id":1345,"name":"Page load time patch","action":"multi-preference-experiment","arguments":{"slug":"bug-1848748-pref-page-load-time-patch-release-116-117","branches":[{"slug":"reset-to-false","ratio":100,"preferences":{"network.http.http3.retry_different_ip_family":{"preferenceType":"boolean","preferenceValue":false,"preferenceBranchType":"default"}}}],"userFacingName":"Page load time patch","isEnrollmentPaused":false,"experimentDocumentUrl":"https://experimenter.services.mozilla.com/experiments/page-load-time-patch/","userFacingDescription":"Reverting a preference that intermittently caused long page load times."},"revision_id":"4130","capabilities":["action.multi-preference-experiment","capabilities-v1","jexl.context.env.version","jexl.transform.bucketSample","jexl.transform.versionCompare"],"filter_expression":"(normandy.channel in [\"release\"]) && ((env.version|versionCompare(\"116.!\")>=0)&&(env.version|versionCompare(\"117.*\")<0)) && ([\"page-load-time-patch-release\",normandy.userId]|bucketSample(0,10000,10000))","uses_only_baseline_capabilities":false},"signature":{"x5u":"https://content-signature-2.cdn.mozilla.net/chains/202402/normandy.content-signature.mozilla.org-2025-01-01-20-48-28.chain?cachebust=2017-06-13-21-06","signature":"2cVJ4JzlRHe-1XJ49OfcbHotMz091FZTdjfgDDD2rZKhSPd2oCdRCd-sF5k-eQm5djC9EC2xcbGV7B5rdS7b2Z3zG-Fe0RGgXOj6zgkoLvIZeLeulWJt9Yaj2pguPS02","timestamp":"2024-11-28T00:01:03.426741Z","public_key":""},"id":"1345","last_modified":1732752063960},{"recipe":{"id":1343,"name":"Page load time patch beta","action":"multi-preference-experiment","arguments":{"slug":"bug-1848779-pref-page-load-time-patch-beta-beta-117-118","branches":[{"slug":"reset-to-false","ratio":100,"preferences":{"network.http.http3.retry_different_ip_family":{"preferenceType":"boolean","preferenceValue":false,"preferenceBranchType":"default"}}}],"userFacingName":"Page load time patch beta","isEnrollmentPaused":false,"experimentDocumentUrl":"https://experimenter.services.mozilla.com/experiments/page-load-time-patch-beta/","userFacingDescription":"Reverting a preference that intermittently caused long page load times."},"revision_id":"4129","capabilities":["action.multi-preference-experiment","capabilities-v1","jexl.context.env.version","jexl.transform.bucketSample","jexl.transform.versionCompare"],"filter_expression":"(normandy.channel in [\"beta\"]) && ((env.version|versionCompare(\"117.!\")>=0)&&(env.version|versionCompare(\"118.*\")<0)) && ([\"page-load-time-patch-beta\",normandy.userId]|bucketSample(0,10000,10000))","uses_only_baseline_capabilities":false},"signature":{"x5u":"https://content-signature-2.cdn.mozilla.net/chains/202402/normandy.content-signature.mozilla.org-2025-01-01-20-48-28.chain?cachebust=2017-06-13-21-06","signature":"QVByoGa5zkc--gmuJrZwiqlV0hVZspzTmItT6tDOABoiUd91xRBJvpBKDMw5d9J0Q5p753ZO20U7zrYMi90datFB3PC2zlofT16EM1QrqxyyuoisQVLOJfhJtPF89MQE","timestamp":"2024-11-28T00:01:03.659777Z","public_key":""},"id":"1343","last_modified":1732752063957}]}