{"metadata":{"flags":["startup"],"signature":{"ref":"ciezghh5993x1qlco76g2wyoo","x5u":"https://content-signature-2.cdn.mozilla.net/chains/remote-settings.content-signature.mozilla.org-2024-12-27-18-19-47.chain","mode":"p384ecdsa","type":"contentsignaturepki","signature":"awvj_PwBklE7veyNmyIlzSBhILh6A92YXXjOIPAN7g6lHih8j0vue2PoKG6o-CWN3-dtmfBhdYLUD-Pi6NcO3aNmpvJUkrNWP_EbQl5h-wcjUr0WN1HVt3-iWNloIisH","signer_id":"remote-settings","public_key":"MHYwEAYHKoZIzj0CAQYFK4EEACIDYgAEb2hwvxwKG5hsSt2YoYKIPUmTqFJopdRqTEVx0NHK7or7Ybxw6AZBFN3AfptD2HSEK1sjk/4r4PdZW2PV4kv6RAwWseoH7K681AMfTWHbB7F9s1bswYhMHi3PhUyRuyZK"},"id":"nimbus-desktop-experiments","last_modified":1732743423458,"bucket":"main"},"timestamp":1732743423121,"changes":[{"slug":"desktop-to-mobile-adoption-promo-signed-into-account-eu","appId":"firefox-desktop","appName":"firefox_desktop","channel":"release","endDate":null,"locales":["en-GB","en-CA","en-US","fr","de"],"branches":[{"slug":"control","ratio":1,"feature":{"value":{},"enabled":false,"featureId":"this-is-included-for-desktop-pre-95-support"},"features":[{"value":{"id":"DESKTOP_TO_MOBILE_ADOPTION_PROMO_SIGNED_INTO_ACCOUNT_EU","groups":["CFR"],"trigger":{"id":"defaultBrowserCheck"},"frequency":{"custom":[{"cap":1,"period":604800000}],"lifetime":2},"targeting":"isFxASignedIn && previousSessionEnd && !willShowDefaultPrompt && !activeNotifications && userPrefs.cfrFeatures"},"enabled":true,"featureId":"featureCallout"}],"firefoxLabsTitle":null},{"slug":"treatment-a","ratio":1,"feature":{"value":{},"enabled":false,"featureId":"this-is-included-for-desktop-pre-95-support"},"features":[{"value":{"id":"DESKTOP_TO_MOBILE_ADOPTION_PROMO_SIGNED_INTO_ACCOUNT_EU","groups":["cfr"],"content":{"id":"DESKTOP_TO_MOBILE_ADOPTION_PROMO_SIGNED_INTO_ACCOUNT_EU","padding":"16","screens":[{"id":"DESKTOP_TO_MOBILE_ADOPTION_PROMO_SIGNED_INTO_ACCOUNT_EU:treatment_a","anchors":[{"selector":"#fxa-toolbar-menu-button","panel_position":{"anchor_attachment":"bottomcenter","callout_attachment":"topright"}}],"content":{"title":{"raw":{"$l10n":{"id":"desktop-to-mobile-headline","text":"Download, sync, and go!","comment":"If the localization of this message\u2019s headline is challenging, consider using a simplified alternative as a reference for translation: 'Sync your browsing with Firefox for mobile.'"}},"textAlign":"center","marginInline":"auto"},"width":"374px","padding":16,"position":"callout","subtitle":{"raw":{"$l10n":{"id":"desktop-to-mobile-subtitle","text":"Scan the QR code to download Firefox for mobile. Once installed, select \u201CSync to mobile\u201D to access your passwords, bookmarks, and more on the go.","comment":"The curly quotations around \u201CSync to mobile\u201D are used to indicate the label for the primary CTA button without breaking the JSON recipe. The phrase, 'on the go', is used to describe when people are very busy and are traveling from place to place."}},"textAlign":"center","marginBlock":"0 -50px","paddingInline":"0 4px"},"secondary_button":{"label":{"raw":{"$l10n":{"id":"sync-to-mobile-button-label","text":"Sync to mobile","comment":"Primary button label to lead users to the 'Sync your device' page"}},"fontSize":"11px","fontWeight":"590"},"style":"secondary","action":{"data":{"args":"preferences?action=pair#sync","where":"tab"},"type":"OPEN_ABOUT_PAGE","dismiss":true}},"additional_button":{"label":{"raw":{"$l10n":{"id":"dismiss-button-label","text":"Dismiss","comment":"Secondary button label for dismissing the callout"}},"fontSize":"11px","fontWeight":"590"},"style":"secondary","action":{"dismiss":true}},"above_button_content":[{"url":"https://firefox-settings-attachments.cdn.mozilla.net/main-workspace/ms-images/69e7917c-90ff-45ca-a727-937fdee8426a.svg","type":"image","height":"179px"}]}}],"backdrop":"transparent","template":"multistage","transitions":false,"disableHistoryUpdates":true},"trigger":{"id":"defaultBrowserCheck"},"template":"feature_callout","frequency":{"custom":[{"cap":1,"period":604800000}],"lifetime":2},"targeting":"isFxASignedIn && previousSessionEnd && !willShowDefaultPrompt && !activeNotifications && userPrefs.cfrFeatures"},"enabled":true,"featureId":"featureCallout"}],"firefoxLabsTitle":null},{"slug":"treatment-b","ratio":1,"feature":{"value":{},"enabled":false,"featureId":"this-is-included-for-desktop-pre-95-support"},"features":[{"value":{"id":"DESKTOP_TO_MOBILE_ADOPTION_PROMO_SIGNED_INTO_ACCOUNT_EU","groups":["cfr"],"content":{"id":"DESKTOP_TO_MOBILE_ADOPTION_PROMO_SIGNED_INTO_ACCOUNT_EU","padding":"16","screens":[{"id":"DESKTOP_TO_MOBILE_ADOPTION_PROMO_SIGNED_INTO_ACCOUNT_EU:treatment_b","anchors":[{"selector":"#fxa-toolbar-menu-button","panel_position":{"anchor_attachment":"bottomcenter","callout_attachment":"topright"}}],"content":{"logo":{"height":"128px","imageURL":"https://firefox-settings-attachments.cdn.mozilla.net/main-workspace/ms-images/347f7fa0-10c2-4150-a0a4-7552638d43ba.svg"},"title":{"raw":{"$l10n":{"id":"desktop-to-mobile-headline","text":"Download, sync, and go!","comment":"If the localization of this message\u2019s headline is challenging, consider using a simplified alternative as a reference for translation: 'Sync your browsing with Firefox for mobile.'"}},"marginInline":"4px 0"},"width":"400px","padding":16,"position":"callout","subtitle":{"raw":{"$l10n":{"id":"desktop-to-mobile-subtitle","text":"Scan the QR code to download Firefox for mobile. Once installed, select \u201CSync to mobile\u201D to access your passwords, bookmarks, and more on the go.","comment":"The curly quotations around \u201CSync to mobile\u201D are used to indicate the label for the primary CTA button without breaking the JSON recipe. The phrase, 'on the go', is used to describe when people are very busy and are traveling from place to place."}},"marginBlock":"-44px 0","marginInline":"84px 0"},"title_logo":{"width":"75px","height":"103px","imageURL":"https://firefox-settings-attachments.cdn.mozilla.net/main-workspace/ms-images/a0b81b30-d8c2-4170-b437-8ad89e50eab4.svg","alignment":"top","marginBlock":"40px 0","marginInline":"32px"},"secondary_button":{"label":{"raw":{"$l10n":{"id":"sync-to-mobile-button-label","text":"Sync to mobile","comment":"Primary button label to lead users to the 'Sync your device' page"}},"fontSize":"11px","fontWeight":"590"},"style":"secondary","action":{"data":{"args":"preferences?action=pair#sync","where":"tab"},"type":"OPEN_ABOUT_PAGE","dismiss":true}},"additional_button":{"label":{"raw":{"$l10n":{"id":"dismiss-button-label","text":"Dismiss","comment":"Secondary button label for dismissing the callout"}},"fontSize":"11px","fontWeight":"590"},"style":"secondary","action":{"dismiss":true}}}}],"backdrop":"transparent","template":"multistage","transitions":false,"disableHistoryUpdates":true},"trigger":{"id":"defaultBrowserCheck"},"template":"feature_callout","frequency":{"custom":[{"cap":1,"period":604800000}],"lifetime":2},"targeting":"isFxASignedIn && previousSessionEnd && !willShowDefaultPrompt && !activeNotifications && userPrefs.cfrFeatures"},"enabled":true,"featureId":"featureCallout"}],"firefoxLabsTitle":null}],"outcomes":[],"arguments":{},"isRollout":false,"probeSets":[],"startDate":null,"targeting":"(browserSettings.update.channel == \"release\") && ((experiment.slug in activeExperiments) || ((version|versionCompare('132.!') >= 0) && (locale in ['de', 'en-CA', 'en-GB', 'en-US', 'fr']) && (region in ['DE', 'FR', 'GB']) && (enrollmentsMap['long-term-holdback-2024-h2-velocity-desktop'] == 'delivery')))","featureIds":["featureCallout"],"application":"firefox-desktop","bucketConfig":{"count":2000,"start":0,"total":10000,"namespace":"firefox-desktop-featureCallout-release-125","randomizationUnit":"normandy_id"},"localizations":{"de":{"dismiss-button-label":"Schlie\u00DFen","desktop-to-mobile-headline":"Herunterladen, synchronisieren und loslegen!","desktop-to-mobile-subtitle":"Scanne den QR-Code, um Firefox f\u00FCrs Handy herunterzuladen. W\u00E4hle nach der Installation \u201EMit Handy synchronisieren\u201C, um unterwegs auf Passw\u00F6rter, Lesezeichen und mehr zuzugreifen.","sync-to-mobile-button-label":"Mit Handy synchronisieren"},"fr":{"dismiss-button-label":"Ignorer","desktop-to-mobile-headline":"T\u00E9l\u00E9chargez, synchronisez et c\u2019est parti\u00A0!","desktop-to-mobile-subtitle":"Scannez le code QR pour t\u00E9l\u00E9charger Firefox pour mobile. Une fois l\u2019installation termin\u00E9e, s\u00E9lectionnez \u00AB\u00A0Synchroniser avec votre appareil mobile\u00A0\u00BB pour acc\u00E9der \u00E0 vos mots de passe, marque-pages et bien plus encore lors de vos d\u00E9placements.","sync-to-mobile-button-label":"Synchroniser avec votre appareil mobile"},"en-CA":{"dismiss-button-label":"Dismiss","desktop-to-mobile-headline":"Download, sync, and go!","desktop-to-mobile-subtitle":"Scan the QR code to download Firefox for mobile. Once installed, select \u201CSync to mobile\u201D to access your passwords, bookmarks, and more on the go.","sync-to-mobile-button-label":"Sync to mobile"},"en-GB":{"dismiss-button-label":"Dismiss","desktop-to-mobile-headline":"Download, sync, and go!","desktop-to-mobile-subtitle":"Scan the QR code to download Firefox for mobile. Once installed, select \u201CSync to mobile\u201D to access your passwords, bookmarks, and more on the go.","sync-to-mobile-button-label":"Sync to mobile"},"en-US":{"dismiss-button-label":"Dismiss","desktop-to-mobile-headline":"Download, sync, and go!","desktop-to-mobile-subtitle":"Scan the QR code to download Firefox for mobile. Once installed, select \u201CSync to mobile\u201D to access your passwords, bookmarks, and more on the go.","sync-to-mobile-button-label":"Sync to mobile"}},"publishedDate":"2024-11-27T21:34:36.266874Z","schemaVersion":"1.12.0","userFacingName":"Desktop to Mobile Adoption Promo (signed into Account) - EU","referenceBranch":"control","firefoxLabsTitle":null,"proposedDuration":28,"enrollmentEndDate":null,"isEnrollmentPaused":false,"isFirefoxLabsOptIn":false,"proposedEnrollment":7,"userFacingDescription":"This experiment displays a message to users to inform them about Fx Mobile and Sync capabilities.","firefoxLabsDescription":null,"featureValidationOptOut":false,"id":"desktop-to-mobile-adoption-promo-signed-into-account-eu","last_modified":1732743423121}]}