{"metadata":{"sort":"-last_modified","schema":{"type":"object","required":["incremental","effectiveTimestamp"],"properties":{"parent":{"type":"string","title":"Parent record ID","description":"If this is an incremental update, the ID of the record being updated."},"channel":{"type":"string","title":"The filter channel for this record.","description":"An identifier for the set of CRLite artifacts to which this record belongs."},"details":{"type":"object","title":"Details","required":["name"],"properties":{"name":{"type":"string","title":"Name","description":"Deprecated"}}},"coverage":{"type":"array","items":{"type":"object","properties":{"logID":{"type":"string"},"maxTimestamp":{"type":"integer"},"minTimestamp":{"type":"integer"}}},"title":"CT log coverage","description":"A list of certificate transparency log IDs and timestamp intervals. A valid certificate from an enrolled issuer is covered by this filter if it has an SCT from one of these logs with a timestamp in the given interval."},"incremental":{"type":"boolean","title":"Incremental","description":"Is this an incremental update (false if a new cascade, true for updates)."},"enrolledIssuers":{"type":"array","items":{"type":"string"},"title":"Enrolled issuers","description":"A list of certificate authorities that are enrolled in CRLite."},"filter_expression":{"type":"string","title":"Filter expression","description":"A JEXL script to filter out records that are not in the client's chosen channel."},"effectiveTimestamp":{"type":"number","title":"Record effective time","description":"Timestamp of the point of time of this record's dataset, in milliseconds since the epoch."}},"description":"Certificate revocation data."},"signature":{"ref":"1jg6x8v1azzbg3m67bcbumghrv","x5u":"https://content-signature-2.cdn.mozilla.net/chains/onecrl.content-signature.mozilla.org-2024-12-27-18-19-45.chain","mode":"p384ecdsa","type":"contentsignaturepki","signature":"QpVHBdJjBVG6t879fElqtz_mG2Kl5kI4bLD_XWFrcG0nTvsypCak9--lbX9JsUhzqAWtFIYxd8s2tQskie6JzVKPUvIsqbC-lHq5HheMBu0HlNVA6Qqs9cnTCcpupurP","signer_id":"onecrl","public_key":"MHYwEAYHKoZIzj0CAQYFK4EEACIDYgAEsOK2yIiqGZYXBj2P2bsSzadEwEIvDszwxYAf0xZdzGwXvGinMp0yfmH5emBcjvrdqCKJM2u15uHuSbuiADZ1A4ScAVUYhj7rjzgQuADVkrk/+RRUPQWViXDnIPfTH+V3"},"attachment":{"enabled":true,"required":true},"displayFields":["channel","attachment.original.filename","effectiveTimestamp","incremental","parent","details.name"],"id":"cert-revocations","last_modified":1732784230270,"bucket":"security-state"},"timestamp":1732784230074,"changes":[{"parent":"674553a8-e702-4dc0-a29d-d9fae20a006a","schema":1732783631185,"channel":"experimental+deltas","details":{"name":"2024-11-28T06:07:18+00:00Z-diff"},"attachment":{"hash":"90148d59684d784dd173ef61f536585ec8c737fe7f8ee5cf8c0555fd90129224","size":92387,"filename":"20241128-1-experimental+deltas.filter.delta","location":"security-state-staging/cert-revocations/9d764e52-3089-4ac8-8e43-e014b8af368b.delta","mimetype":"application/x-protobuf"},"incremental":true,"filter_expression":"env.version|versionCompare('133.!') >= 0 && 'experimental+deltas' == 'security.pki.crlite_channel'|preferenceValue('none')","effectiveTimestamp":1732774038000,"id":"c785703a-a4d9-46d2-9093-ba49c201fa8e","last_modified":1732784230074},{"parent":"2bfa673e-aef3-46e6-8c54-e4f5981a39d3","schema":1732783628081,"channel":"experimental","details":{"name":"2024-11-28T06:07:18+00:00Z-diff"},"attachment":{"hash":"3f6b27391fc3bf35b6744887499178e15644efec38416a7ff141a00f9a6564a9","size":179509,"filename":"20241128-1-experimental.filter.stash","location":"security-state-staging/cert-revocations/1d33576a-5178-4e05-83c8-ad2026819044.stash","mimetype":"application/octet-stream"},"incremental":true,"filter_expression":"env.version|versionCompare('132.!') >= 0 && 'experimental' == 'security.pki.crlite_channel'|preferenceValue('none')","effectiveTimestamp":1732774038000,"id":"72a0301c-73a3-46bf-b800-921ac4c50e31","last_modified":1732784230072},{"parent":"f27efb1c-5f47-49fb-9909-eadf98072f5a","schema":1732783624741,"channel":"all","details":{"name":"2024-11-28T06:07:18+00:00Z-diff"},"attachment":{"hash":"fbfc74d3499b732b20684abaea4e0965d6cb27b547acfb71095e736f53288e9c","size":179509,"filename":"20241128-1-all.filter.stash","location":"security-state-staging/cert-revocations/e1f4e623-5da8-42ef-b96f-eb59bea62abf.stash","mimetype":"application/octet-stream"},"incremental":true,"filter_expression":"env.version|versionCompare('130.!') < 0 || 'all' == 'security.pki.crlite_channel'|preferenceValue('none')","effectiveTimestamp":1732774038000,"id":"80a25a71-bcb9-4de2-84db-d83cf4c2bd74","last_modified":1732784230069},{"parent":"d4183165-62da-43ad-81f7-e6621bcdce76","schema":1732762031869,"channel":"experimental+deltas","details":{"name":"2024-11-28T00:07:20+00:00Z-diff"},"attachment":{"hash":"56eba0eb1ea0eabdc67f93631c54dc03bef9e76b863532896335580ae308d878","size":109331,"filename":"20241128-0-experimental+deltas.filter.delta","location":"security-state-staging/cert-revocations/ae88a110-7d09-41bd-9f1b-2f16bcdaf2e2.delta","mimetype":"application/x-protobuf"},"incremental":true,"filter_expression":"env.version|versionCompare('133.!') >= 0 && 'experimental+deltas' == 'security.pki.crlite_channel'|preferenceValue('none')","effectiveTimestamp":1732752440000,"id":"674553a8-e702-4dc0-a29d-d9fae20a006a","last_modified":1732762634891},{"parent":"3343a1f9-3f62-4620-a7e5-ab8da0f97721","schema":1732762025276,"channel":"all","details":{"name":"2024-11-28T00:07:20+00:00Z-diff"},"attachment":{"hash":"373896490696a099d22c63202a0ad39d7caabc4f09764e79d288a30494392d5b","size":283467,"filename":"20241128-0-all.filter.stash","location":"security-state-staging/cert-revocations/bc6dde64-fa38-41df-b5ac-1f0bcb5cc361.stash","mimetype":"application/octet-stream"},"incremental":true,"filter_expression":"env.version|versionCompare('130.!') < 0 || 'all' == 'security.pki.crlite_channel'|preferenceValue('none')","effectiveTimestamp":1732752440000,"id":"f27efb1c-5f47-49fb-9909-eadf98072f5a","last_modified":1732762634888},{"parent":"91eea6d5-b4a7-4eb4-8f4a-99bc1e76c397","schema":1732762028568,"channel":"experimental","details":{"name":"2024-11-28T00:07:20+00:00Z-diff"},"attachment":{"hash":"1d5661ab4fbd45fcba152b2f4d62008d374e315bbb57b1576ae12cc16467fee8","size":283467,"filename":"20241128-0-experimental.filter.stash","location":"security-state-staging/cert-revocations/b3081264-9c56-4673-8683-b1e21e32c53e.stash","mimetype":"application/octet-stream"},"incremental":true,"filter_expression":"env.version|versionCompare('132.!') >= 0 && 'experimental' == 'security.pki.crlite_channel'|preferenceValue('none')","effectiveTimestamp":1732752440000,"id":"2bfa673e-aef3-46e6-8c54-e4f5981a39d3","last_modified":1732762634886},{"parent":"ba365264-3662-4278-b864-1b701e5ad4ed","schema":1732740428745,"channel":"experimental","details":{"name":"2024-11-27T18:07:21+00:00Z-diff"},"attachment":{"hash":"ef94e60fae0661851582016a38a54c30e23bd415fc5659b6cfe4c210c9ff13d8","size":160598,"filename":"20241127-3-experimental.filter.stash","location":"security-state-staging/cert-revocations/0e35b42d-cd93-4c14-9ca1-62799bde5d8a.stash","mimetype":"application/octet-stream"},"incremental":true,"filter_expression":"env.version|versionCompare('132.!') >= 0 && 'experimental' == 'security.pki.crlite_channel'|preferenceValue('none')","effectiveTimestamp":1732730841000,"id":"91eea6d5-b4a7-4eb4-8f4a-99bc1e76c397","last_modified":1732741030096},{"parent":"2a9b49d5-0a9c-4625-ad23-e98ca0e99a84","schema":1732740425268,"channel":"all","details":{"name":"2024-11-27T18:07:21+00:00Z-diff"},"attachment":{"hash":"b1e406af6ab0b87513934571ade632d1bc97f4a8d4b44e7d85985dcce90f59d2","size":160598,"filename":"20241127-3-all.filter.stash","location":"security-state-staging/cert-revocations/31c015c0-6f65-41be-ac36-ae5484082bd9.stash","mimetype":"application/octet-stream"},"incremental":true,"filter_expression":"env.version|versionCompare('130.!') < 0 || 'all' == 'security.pki.crlite_channel'|preferenceValue('none')","effectiveTimestamp":1732730841000,"id":"3343a1f9-3f62-4620-a7e5-ab8da0f97721","last_modified":1732741030093},{"parent":"61472b08-e5f2-48ba-b4d3-334615d16e0b","schema":1732740432077,"channel":"experimental+deltas","details":{"name":"2024-11-27T18:07:21+00:00Z-diff"},"attachment":{"hash":"8daf172ef0e7f35d20a1524d8c0898d624884c5ed83340a637ca4ca89d9f3074","size":91531,"filename":"20241127-3-experimental+deltas.filter.delta","location":"security-state-staging/cert-revocations/67ea6040-1fdd-47a8-a1b2-cebd30d41b0c.delta","mimetype":"application/x-protobuf"},"incremental":true,"filter_expression":"env.version|versionCompare('133.!') >= 0 && 'experimental+deltas' == 'security.pki.crlite_channel'|preferenceValue('none')","effectiveTimestamp":1732730841000,"id":"d4183165-62da-43ad-81f7-e6621bcdce76","last_modified":1732741030091}]}